resource_id,resource_type,cloud_provider,region,created_at,last_used_at,days_since_used,monthly_cost_usd,tag_owner,tag_project,tag_environment,shadow_label
res-cdaaede7a7,EBSVolume,Azure,us-west-2,2023-12-20,2024-06-28,2,63.63,team-backend,project-gamma,development,normal
res-e8e1c40b93,RDSInstance,GCP,eu-west-1,2023-11-29,2024-06-21,9,761.41,team-ml,project-beta,staging,normal
res-c2b34551ae,LambdaFunction,AWS,eu-west-1,2023-12-20,2024-06-25,5,31.43,team-backend,project-omega,development,normal
res-b815545e60,NATGateway,Azure,eu-west-1,2024-05-08,2024-06-30,0,198.23,team-infra,project-beta,staging,normal
res-436c1f7760,RDSInstance,Azure,ap-southeast-1,2023-12-01,2024-06-30,0,862.89,team-frontend,project-beta,production,normal
res-70cd091972,S3Bucket,GCP,eu-west-1,2023-12-22,2024-06-20,10,6.75,team-data,project-alpha,production,normal
res-131ac08340,NATGateway,GCP,eu-west-1,2024-03-29,2024-06-20,10,134.96,team-backend,project-beta,staging,normal
res-1e903de894,EBSVolume,Azure,us-west-2,2023-05-02,2024-06-18,12,46.06,team-backend,project-beta,staging,normal
res-c454c052b4,EBSVolume,AWS,ap-south-1,2023-02-19,2024-06-28,2,31.06,team-security,project-omega,development,normal
res-f53c2d4485,EBSVolume,AWS,us-east-1,2024-02-20,2024-01-03,179,148.76,,,,shadow_it
res-6371a901d7,EBSVolume,AWS,us-west-2,2023-07-30,2024-06-18,12,130.1,team-data,project-gamma,production,normal
res-4671494e77,ElasticIP,AWS,ca-central-1,2024-04-07,2024-06-30,0,4.51,team-ml,project-alpha,staging,normal
res-841d8d9292,EBSVolume,Azure,eu-west-1,2023-05-22,2024-06-25,5,133.14,team-ml,project-alpha,production,normal
res-5c72b9a9b3,ElasticIP,GCP,eu-west-1,2023-03-24,2024-06-17,13,8.04,team-security,project-beta,development,normal
res-3dc2d812ca,RDSInstance,GCP,ca-central-1,2023-08-04,2024-06-18,12,351.17,team-security,project-beta,staging,normal
res-dccfc71acc,RDSInstance,Azure,eu-west-1,2023-10-02,2023-11-03,240,827.62,,,,shadow_it
res-4488fda3d2,ElasticIP,Azure,ap-southeast-1,2024-02-11,2024-06-26,4,9.78,team-infra,project-gamma,staging,normal
res-25d9801517,S3Bucket,Azure,eu-west-1,2023-03-28,2023-10-12,262,71.56,,,,shadow_it
res-e3e9b1a0de,ElasticIP,AWS,ca-central-1,2023-06-23,2024-06-17,13,4.83,team-data,project-beta,development,normal
res-7f0e6e9347,EBSVolume,GCP,ca-central-1,2023-10-28,2024-06-17,13,25.73,team-frontend,project-delta,production,normal
res-d3795078fb,LambdaFunction,AWS,ap-southeast-1,2023-08-08,2024-06-19,11,37.46,team-data,project-omega,staging,normal
res-5d5cf37e76,EKSCluster,GCP,ca-central-1,2023-04-21,2024-06-22,8,1030.53,team-security,project-omega,development,normal
res-ebceccdb52,EKSCluster,AWS,ca-central-1,2024-05-30,2024-06-18,12,231.96,team-frontend,project-alpha,development,normal
res-14b53c1d14,EC2Instance,Azure,ap-south-1,2023-06-08,2024-06-20,10,233.49,team-security,project-omega,development,normal
res-eae012619a,RDSInstance,Azure,eu-west-1,2023-12-27,2024-06-25,5,796.98,team-data,project-beta,staging,normal
res-a8b9b1550b,EBSVolume,Azure,ap-southeast-1,2023-12-20,2024-06-27,3,128.21,team-frontend,project-delta,development,normal
res-4893339535,EBSVolume,AWS,eu-west-1,2023-02-19,2024-06-29,1,83.24,team-ml,project-beta,staging,normal
res-f9192f74da,RDSInstance,Azure,eu-west-1,2024-04-08,2024-06-19,11,535.75,team-backend,project-omega,development,normal
res-6d9e0913d2,EC2Instance,GCP,ap-south-1,2023-04-24,2024-06-28,2,98.79,team-ml,project-alpha,staging,normal
res-729596b2be,ElasticIP,GCP,us-west-2,2023-08-26,2023-08-21,314,3.4,,,,shadow_it
res-6e0512fbd0,EBSVolume,AWS,us-west-2,2024-02-22,2024-06-26,4,88.36,team-frontend,project-gamma,production,normal
res-d216080e25,LambdaFunction,GCP,us-west-2,2023-06-24,2024-06-17,13,27.76,team-ml,project-alpha,development,normal
res-b73c3e7de3,S3Bucket,AWS,us-west-2,2024-03-24,2023-07-14,352,53.5,,,,shadow_it
res-801804dd1f,S3Bucket,Azure,ca-central-1,2023-10-27,2024-06-18,12,62.99,team-ml,project-beta,staging,normal
res-e613fb941d,ElasticIP,GCP,eu-west-1,2023-12-11,2024-06-19,11,7.5,team-backend,project-beta,staging,normal
res-28495677a0,EC2Instance,AWS,eu-west-1,2024-03-13,2024-06-27,3,492.33,team-ml,project-delta,development,normal
res-44ee183c46,RDSInstance,AWS,us-west-2,2023-03-24,2024-06-25,5,429.29,team-ml,project-alpha,development,normal
res-d352e38367,EKSCluster,AWS,us-west-2,2024-06-09,2024-06-18,12,323.6,team-ml,project-gamma,staging,normal
res-4e2f9acb0b,EBSVolume,AWS,us-east-1,2023-06-24,2023-10-22,252,128.52,,,,shadow_it
res-29efbad2c7,ElasticIP,AWS,eu-west-1,2023-09-17,2024-06-22,8,8.17,team-data,project-alpha,staging,normal
res-d7239fe275,EBSVolume,GCP,ca-central-1,2023-10-31,2023-09-06,298,148.83,,,,shadow_it
res-0b515b89a4,LambdaFunction,AWS,ca-central-1,2023-09-28,2024-02-13,138,18.52,,,,shadow_it
res-bf584e1fa0,EC2Instance,AWS,us-west-2,2023-12-19,2024-06-30,0,477.38,team-frontend,project-beta,development,normal
res-5249737844,S3Bucket,AWS,ca-central-1,2024-05-15,2024-06-16,14,49.12,team-infra,project-alpha,production,normal
res-5ddd2d7e9f,ElasticIP,Azure,us-west-2,2023-02-17,2024-06-29,1,4.63,team-frontend,project-omega,production,normal
res-c20acaac20,NATGateway,AWS,ca-central-1,2024-03-10,2024-06-27,3,155.49,team-data,project-beta,staging,normal
res-fbbb165e20,LambdaFunction,AWS,ca-central-1,2023-10-02,2023-07-12,354,27.55,,,,shadow_it
res-0589de3b2c,RDSInstance,AWS,us-west-2,2023-11-01,2024-06-24,6,176.54,team-infra,project-omega,development,normal
res-38797e2a61,EKSCluster,Azure,ap-southeast-1,2023-07-14,2024-06-29,1,636.76,team-security,project-alpha,production,normal
res-7878f96231,ElasticIP,AWS,us-east-1,2023-08-26,2023-11-23,220,3.07,,,,shadow_it
res-2ceae1b8a0,EKSCluster,AWS,ca-central-1,2023-06-13,2023-10-08,266,589.24,,,,shadow_it
res-c7c95b9d72,EKSCluster,GCP,ap-south-1,2023-12-01,2024-06-30,0,808.27,team-frontend,project-beta,production,normal
res-094cc45501,EBSVolume,AWS,ap-south-1,2023-07-31,2024-06-27,3,13.02,team-ml,project-beta,production,normal
res-dc5c06438e,S3Bucket,AWS,us-west-2,2023-07-05,2024-06-18,12,13.55,team-backend,project-alpha,staging,normal
res-77f4fbe816,EBSVolume,AWS,ca-central-1,2023-06-08,2024-06-22,8,46.8,team-infra,project-omega,development,normal
res-1b6d953c19,ElasticIP,AWS,ap-south-1,2023-10-15,2024-03-15,107,4.54,,,,shadow_it
res-443b1332fc,ElasticIP,GCP,us-east-1,2023-09-17,2024-06-21,9,6.1,team-ml,project-beta,production,normal
res-83f3f43137,NATGateway,GCP,us-east-1,2023-09-26,2023-09-18,286,50.73,,,,shadow_it
res-dd829e28d7,EC2Instance,Azure,eu-west-1,2023-03-26,2024-06-16,14,394.59,team-frontend,project-omega,production,normal
res-b0d682b0d5,RDSInstance,Azure,eu-west-1,2023-11-20,2023-11-10,233,473.94,,,,shadow_it
res-9794705026,NATGateway,Azure,ap-southeast-1,2024-03-25,2024-06-30,0,52.05,team-ml,project-alpha,development,normal
res-9b68d4a0cf,EBSVolume,AWS,eu-west-1,2024-06-02,2023-10-20,254,40.53,,,,shadow_it
res-1da21cfbb6,RDSInstance,AWS,eu-west-1,2023-09-01,2024-01-23,159,758.78,,,,shadow_it
res-3eb9f7b99c,EKSCluster,AWS,ca-central-1,2023-04-22,2023-12-29,184,951.76,,,,shadow_it
res-2e229d62c5,EBSVolume,GCP,us-east-1,2024-04-02,2024-06-22,8,32.16,team-frontend,project-gamma,development,normal
res-888ac65fb0,EKSCluster,GCP,us-east-1,2024-05-16,2024-06-17,13,591.16,team-backend,project-gamma,staging,normal
res-033989fb8a,EKSCluster,GCP,eu-west-1,2023-11-11,2024-06-17,13,452.28,team-ml,project-gamma,staging,normal
res-66881a4d24,EKSCluster,GCP,us-west-2,2023-03-08,2024-06-27,3,1001.97,team-frontend,project-omega,production,normal
res-374c6b77e2,LambdaFunction,GCP,ap-south-1,2023-01-09,2023-08-23,312,31.69,,,,shadow_it
res-e9691ba07f,EC2Instance,Azure,ca-central-1,2023-05-08,2024-06-29,1,301.39,team-backend,project-delta,production,normal
res-9233527029,RDSInstance,AWS,us-east-1,2023-12-04,2024-06-29,1,209.34,team-data,project-gamma,production,normal
res-1fadd602da,EKSCluster,GCP,ap-south-1,2023-12-26,2024-06-20,10,816.42,team-security,project-beta,production,normal
res-67a3641395,ElasticIP,AWS,us-west-2,2023-08-21,2024-06-22,8,9.76,team-backend,project-delta,development,normal
res-3fc61f8385,NATGateway,GCP,ap-southeast-1,2023-06-29,2024-06-28,2,185.15,team-backend,project-gamma,development,normal
res-4361bd29b7,LambdaFunction,AWS,ca-central-1,2023-04-13,2024-06-28,2,8.71,team-ml,project-gamma,development,normal
res-b7e393b82c,EKSCluster,AWS,us-east-1,2023-07-04,2023-08-22,313,245.79,,,,shadow_it
res-eb08cf3e21,ElasticIP,GCP,ap-southeast-1,2023-08-26,2024-06-28,2,9.69,team-ml,project-gamma,development,normal
res-7d77af999f,RDSInstance,GCP,ap-southeast-1,2023-08-23,2023-10-09,265,450.44,,,,shadow_it
res-cf92629750,S3Bucket,AWS,us-west-2,2024-03-18,2024-06-24,6,32.95,team-ml,project-omega,staging,normal
res-2eca2db18a,EBSVolume,Azure,us-east-1,2023-11-25,2024-06-25,5,105.34,team-data,project-alpha,staging,normal
res-046ec4ea3d,EC2Instance,Azure,eu-west-1,2023-08-05,2024-06-21,9,587.88,team-backend,project-omega,development,normal
res-36816227ca,EKSCluster,Azure,us-west-2,2024-02-03,2024-06-17,13,861.49,team-data,project-gamma,development,normal
res-065a003c20,EC2Instance,GCP,ap-southeast-1,2023-09-26,2023-09-04,300,352.29,,,,shadow_it
res-9734a0d1c2,S3Bucket,Azure,ap-south-1,2023-04-03,2024-06-29,1,22.14,team-frontend,project-alpha,staging,normal
res-be134fb1da,RDSInstance,Azure,ap-south-1,2023-10-17,2024-06-30,0,840.19,team-data,project-delta,production,normal
res-963d0051ec,S3Bucket,GCP,ap-south-1,2024-05-10,2023-12-13,200,59.32,,,,shadow_it
res-56e8c1d0c2,EC2Instance,Azure,us-west-2,2023-03-09,2024-06-19,11,103.23,team-backend,project-beta,development,normal
res-a46360f712,LambdaFunction,AWS,ca-central-1,2023-04-06,2024-01-28,154,38.87,,,,shadow_it
res-27a67cc09e,NATGateway,Azure,ap-southeast-1,2024-05-30,2024-06-19,11,136.28,team-backend,project-gamma,production,normal
res-b4cad8bbff,LambdaFunction,GCP,eu-west-1,2023-06-06,2024-06-23,7,15.25,team-data,project-gamma,development,normal
res-19299cd736,S3Bucket,GCP,us-east-1,2023-07-19,2024-06-25,5,36.12,team-ml,project-beta,development,normal
res-ae37d1e000,EKSCluster,AWS,ap-southeast-1,2023-10-04,2024-06-29,1,1189.62,team-infra,project-delta,development,normal
res-11233c8a20,EKSCluster,Azure,us-east-1,2023-12-27,2024-06-30,0,372.9,team-security,project-gamma,production,normal
res-f5da96b9b5,EC2Instance,AWS,ap-southeast-1,2023-11-06,2024-06-25,5,163.9,team-infra,project-gamma,staging,normal
res-935f89d519,EKSCluster,Azure,us-west-2,2024-06-14,2023-08-08,327,664.65,,,,shadow_it
res-274b5e33bc,NATGateway,GCP,ap-south-1,2023-12-22,2024-06-28,2,115.57,team-security,project-omega,production,normal
res-3bacc4b6dc,S3Bucket,Azure,us-west-2,2023-01-25,2023-09-11,293,78.9,,,,shadow_it
res-50584b4798,EBSVolume,GCP,ap-south-1,2023-07-20,2024-06-19,11,146.4,team-backend,project-alpha,production,normal
res-ab26019dc0,LambdaFunction,Azure,us-west-2,2023-10-14,2024-06-27,3,4.26,team-frontend,project-alpha,production,normal
res-7249e875ef,EC2Instance,AWS,ca-central-1,2023-02-24,2024-06-19,11,342.94,team-frontend,project-delta,staging,normal
res-b113d65325,S3Bucket,GCP,ap-southeast-1,2023-04-09,2024-06-20,10,60.25,team-infra,project-gamma,staging,normal
res-c0a50b9cae,S3Bucket,GCP,us-west-2,2023-02-14,2024-06-19,11,39.81,team-data,project-delta,staging,normal
res-4652f43f39,NATGateway,GCP,ap-southeast-1,2023-02-08,2024-06-26,4,108.88,team-ml,project-delta,development,normal
res-0219ab3c4d,RDSInstance,Azure,us-east-1,2023-03-13,2023-10-08,266,502.07,,,,shadow_it
res-fdd0248426,EBSVolume,Azure,ap-south-1,2024-04-20,2024-06-28,2,143.22,team-backend,project-omega,staging,normal
res-d278621a59,EC2Instance,AWS,us-west-2,2023-12-10,2023-12-11,202,481.13,,,,shadow_it
res-4a539b9842,EKSCluster,AWS,ap-south-1,2024-04-20,2024-06-18,12,419.72,team-data,project-alpha,production,normal
res-cceb2a2238,LambdaFunction,AWS,ap-southeast-1,2024-06-14,2023-11-18,225,20.1,,,,shadow_it
res-94ec91893c,ElasticIP,Azure,ap-south-1,2023-10-15,2024-06-20,10,7.07,team-infra,project-alpha,production,normal
res-51cb0537c6,EC2Instance,AWS,eu-west-1,2023-09-05,2024-06-17,13,447.93,team-frontend,project-gamma,production,normal
res-21fa86fad6,NATGateway,Azure,ca-central-1,2023-08-17,2024-06-23,7,109.82,team-security,project-delta,production,normal
res-455c587b34,EKSCluster,GCP,ap-southeast-1,2024-03-20,2024-06-16,14,1125.96,team-backend,project-delta,development,normal
res-83644182b1,ElasticIP,GCP,ca-central-1,2024-06-17,2023-10-01,273,5.56,,,,shadow_it
res-1c647808f2,ElasticIP,GCP,ap-south-1,2023-07-29,2024-06-16,14,7.22,team-frontend,project-delta,production,normal
res-aa4b53b4e0,LambdaFunction,GCP,ap-south-1,2024-04-01,2023-07-30,336,4.74,,,,shadow_it
res-b85f700a18,RDSInstance,GCP,us-west-2,2024-02-27,2024-06-17,13,161.89,team-frontend,project-beta,production,normal
res-4588a12ba2,S3Bucket,GCP,ap-south-1,2023-05-11,2024-03-29,93,70.26,,,,shadow_it
res-3cc5de1b7a,ElasticIP,AWS,eu-west-1,2023-09-19,2024-06-18,12,7.05,team-data,project-beta,development,normal
res-215800c6c9,EC2Instance,GCP,us-east-1,2024-01-14,2023-10-03,271,324.04,,,,shadow_it
res-909c4913df,EC2Instance,AWS,ap-south-1,2023-06-24,2024-06-27,3,209.16,team-frontend,project-beta,production,normal
res-f3fa56d119,EBSVolume,AWS,ap-southeast-1,2024-03-27,2024-06-28,2,37.0,team-backend,project-omega,development,normal
res-837e633b3d,NATGateway,Azure,ap-south-1,2024-01-29,2024-06-17,13,168.58,team-data,project-beta,staging,normal
res-0e5cd56e38,NATGateway,Azure,eu-west-1,2023-12-02,2024-06-27,3,151.53,team-frontend,project-omega,production,normal
res-98f5a3b845,ElasticIP,Azure,ca-central-1,2023-11-23,2024-03-13,109,4.22,,,,shadow_it
res-b26b3c789a,LambdaFunction,Azure,eu-west-1,2024-06-05,2024-01-06,176,2.6,,,,shadow_it
res-7fe143f104,RDSInstance,AWS,us-east-1,2024-04-11,2023-11-16,227,741.81,,,,shadow_it
res-01e2dba393,ElasticIP,Azure,us-west-2,2023-03-23,2024-06-30,0,4.37,team-infra,project-beta,staging,normal
res-1aeb93d9cb,NATGateway,Azure,us-east-1,2023-06-24,2023-10-25,249,142.09,,,,shadow_it
res-d9af941a50,EKSCluster,GCP,us-east-1,2023-11-12,2024-06-30,0,948.81,team-ml,project-omega,staging,normal
res-fb0016aa94,LambdaFunction,GCP,eu-west-1,2024-02-28,2024-06-22,8,3.28,team-infra,project-beta,production,normal
res-8d9007e290,NATGateway,AWS,us-west-2,2023-11-27,2023-08-27,308,173.34,,,,shadow_it
res-e992a0d820,EKSCluster,AWS,us-west-2,2023-11-20,2024-06-18,12,817.03,team-ml,project-alpha,development,normal
res-eb8ee7c3d9,NATGateway,GCP,ap-south-1,2023-10-05,2024-06-28,2,88.53,team-ml,project-delta,development,normal
res-4bbd167e45,NATGateway,AWS,ap-southeast-1,2024-03-01,2024-06-29,1,132.39,team-security,project-alpha,production,normal
res-907c86a227,S3Bucket,GCP,ap-southeast-1,2023-04-18,2024-06-26,4,18.93,team-backend,project-gamma,staging,normal
res-50ad6214ec,ElasticIP,GCP,us-east-1,2024-04-08,2024-06-18,12,3.93,team-ml,project-gamma,staging,normal
res-529fe5edb3,S3Bucket,GCP,eu-west-1,2023-06-29,2024-06-23,7,55.51,team-data,project-gamma,staging,normal
res-fa3153a32e,LambdaFunction,GCP,ap-south-1,2023-09-10,2024-06-22,8,32.65,team-ml,project-alpha,development,normal
res-77d1688fdd,S3Bucket,Azure,ap-south-1,2023-10-01,2024-06-17,13,27.82,team-data,project-beta,development,normal
res-54c3f9e277,EC2Instance,GCP,eu-west-1,2023-09-07,2023-09-28,276,87.42,,,,shadow_it
res-be3639c161,EBSVolume,AWS,ap-southeast-1,2023-09-16,2024-06-28,2,94.8,team-infra,project-omega,development,normal
res-62679d77eb,ElasticIP,AWS,us-west-2,2024-05-27,2024-06-29,1,9.16,team-infra,project-alpha,development,normal
res-47c8fb29a6,EKSCluster,GCP,ap-southeast-1,2023-05-09,2024-06-16,14,812.39,team-ml,project-delta,production,normal
res-5170d7b6bb,NATGateway,GCP,ap-southeast-1,2023-06-09,2024-06-25,5,191.78,team-backend,project-alpha,development,normal
res-35e9c1a856,S3Bucket,GCP,us-west-2,2023-09-03,2024-06-27,3,64.22,team-data,project-omega,staging,normal
res-8e2638d171,EKSCluster,AWS,eu-west-1,2023-03-05,2024-06-16,14,406.37,team-security,project-alpha,production,normal
res-715b9de401,RDSInstance,AWS,eu-west-1,2023-12-15,2024-06-19,11,563.86,team-ml,project-beta,production,normal
res-a01f41e385,EKSCluster,AWS,us-east-1,2024-04-11,2024-06-18,12,1027.23,team-infra,project-beta,production,normal
res-7c90b96f4e,RDSInstance,AWS,eu-west-1,2023-10-12,2024-06-23,7,377.58,team-data,project-omega,development,normal
res-d7b6fd9f7f,EBSVolume,GCP,ap-southeast-1,2023-07-23,2024-06-23,7,67.13,team-data,project-beta,production,normal
res-557e2c7b56,NATGateway,Azure,ap-south-1,2023-05-29,2024-06-21,9,113.43,team-ml,project-alpha,production,normal
res-17542b7196,EC2Instance,Azure,ca-central-1,2023-04-10,2024-06-20,10,386.94,team-data,project-alpha,staging,normal
res-ea67d5e55f,EBSVolume,Azure,us-east-1,2023-12-11,2024-06-27,3,29.67,team-ml,project-delta,production,normal
res-052d08dfdd,LambdaFunction,Azure,eu-west-1,2023-06-21,2024-06-21,9,30.68,team-ml,project-delta,production,normal
res-24ba8bd728,EBSVolume,GCP,eu-west-1,2024-02-04,2023-10-23,251,85.14,,,,shadow_it
res-d0bcdbd48b,LambdaFunction,Azure,ap-south-1,2024-02-16,2024-06-26,4,31.94,team-infra,project-gamma,development,normal
res-f07186ee28,S3Bucket,AWS,us-east-1,2023-01-12,2023-10-22,252,42.57,,,,shadow_it
res-9c9a8823a5,EKSCluster,Azure,us-east-1,2024-05-05,2024-06-28,2,236.48,team-frontend,project-delta,staging,normal
res-ef85cdfea7,EKSCluster,GCP,eu-west-1,2023-05-12,2024-02-17,134,698.62,,,,shadow_it
res-1bcb5ee864,S3Bucket,AWS,us-west-2,2023-02-20,2024-06-23,7,79.93,team-ml,project-alpha,staging,normal
res-3a370a6dfd,S3Bucket,AWS,ap-southeast-1,2024-01-14,2024-06-17,13,15.23,team-data,project-gamma,development,normal
res-e38e869521,S3Bucket,AWS,ap-south-1,2023-09-09,2024-06-18,12,47.48,team-data,project-delta,staging,normal
res-5e97eca3b0,EKSCluster,AWS,ap-southeast-1,2023-01-26,2024-06-16,14,570.0,team-security,project-alpha,development,normal
res-069169373e,S3Bucket,Azure,us-east-1,2024-06-20,2024-06-28,2,30.64,team-infra,project-omega,production,normal
res-febd454738,EBSVolume,Azure,ca-central-1,2023-06-06,2024-06-18,12,90.88,team-security,project-alpha,staging,normal
res-2b3c057f48,S3Bucket,GCP,us-west-2,2024-03-02,2024-06-22,8,29.52,team-frontend,project-delta,production,normal
res-416a287481,EKSCluster,Azure,us-west-2,2024-04-02,2024-06-30,0,284.17,team-frontend,project-alpha,development,normal
res-e863a129ee,EBSVolume,GCP,us-east-1,2023-08-17,2024-06-16,14,113.98,team-infra,project-beta,production,normal
res-4b8e1d0491,ElasticIP,GCP,us-east-1,2023-07-23,2024-06-26,4,9.16,team-infra,project-alpha,production,normal
res-a40e5c115c,NATGateway,GCP,us-west-2,2023-07-04,2024-06-22,8,176.67,team-ml,project-gamma,staging,normal
res-be6ac21c65,RDSInstance,GCP,us-east-1,2024-01-07,2024-06-29,1,469.13,team-data,project-gamma,development,normal
res-a49848671e,LambdaFunction,GCP,ca-central-1,2023-05-25,2024-06-28,2,14.8,team-data,project-delta,development,normal
res-7231474cab,NATGateway,AWS,us-east-1,2024-05-03,2024-06-26,4,153.21,team-data,project-gamma,staging,normal
res-041366f97e,S3Bucket,GCP,us-east-1,2024-04-09,2024-06-16,14,68.38,team-ml,project-gamma,development,normal
res-15bc164ae8,S3Bucket,AWS,ca-central-1,2023-04-07,2024-06-27,3,59.45,team-backend,project-omega,production,normal
res-4554030561,EC2Instance,Azure,us-east-1,2023-04-06,2024-06-19,11,196.29,team-frontend,project-beta,development,normal
res-aa4316043c,EBSVolume,AWS,ca-central-1,2023-09-14,2024-06-27,3,10.25,team-backend,project-gamma,production,normal
res-10eb3b90ca,RDSInstance,AWS,ap-southeast-1,2024-05-02,2024-06-20,10,541.56,team-infra,project-beta,production,normal
res-c9b091a50f,RDSInstance,GCP,ca-central-1,2023-10-09,2024-06-16,14,319.58,team-ml,project-delta,production,normal
res-90d3dbe2d5,LambdaFunction,Azure,ap-south-1,2023-05-25,2024-06-18,12,34.41,team-frontend,project-gamma,staging,normal
res-4ac360da18,LambdaFunction,GCP,eu-west-1,2024-01-30,2024-06-21,9,34.98,team-security,project-omega,staging,normal
res-d364f4be17,EKSCluster,Azure,ap-southeast-1,2023-08-24,2024-06-26,4,374.23,team-frontend,project-beta,staging,normal
res-7f88146fc1,RDSInstance,Azure,us-east-1,2023-08-23,2024-06-20,10,796.83,team-ml,project-beta,staging,normal
res-32402b6fc7,RDSInstance,Azure,us-west-2,2023-05-17,2023-08-09,326,583.37,,,,shadow_it
res-569c98e60a,LambdaFunction,AWS,us-east-1,2023-02-01,2024-06-20,10,6.07,team-ml,project-beta,production,normal
res-41a4926996,ElasticIP,Azure,ap-southeast-1,2023-10-27,2024-06-27,3,9.94,team-security,project-gamma,development,normal
res-8d47c5051c,EBSVolume,AWS,us-east-1,2024-02-18,2024-06-16,14,102.01,team-data,project-omega,production,normal
res-8512249520,EC2Instance,AWS,ap-southeast-1,2023-01-18,2024-06-25,5,510.13,team-data,project-gamma,production,normal
res-9e1128916d,EC2Instance,Azure,ap-south-1,2023-09-23,2023-12-24,189,356.09,,,,shadow_it
res-4e2bc72b04,EKSCluster,Azure,ca-central-1,2023-12-10,2024-06-24,6,773.04,team-frontend,project-omega,production,normal
res-9cc43e205d,RDSInstance,Azure,ap-southeast-1,2024-06-19,2024-06-22,8,264.05,team-backend,project-gamma,production,normal
res-7cf555dbc4,EBSVolume,Azure,ap-south-1,2024-04-14,2024-06-23,7,73.12,team-infra,project-delta,staging,normal
res-fc96b62545,EBSVolume,AWS,ap-southeast-1,2023-02-12,2024-06-17,13,148.46,team-backend,project-omega,development,normal
res-6c65c8e95b,NATGateway,Azure,us-west-2,2023-03-24,2024-06-29,1,36.99,team-backend,project-omega,staging,normal
res-27ab22833c,RDSInstance,GCP,us-east-1,2024-04-28,2024-06-17,13,633.37,team-frontend,project-omega,staging,normal
res-59ffaddaa8,RDSInstance,GCP,ca-central-1,2024-01-24,2024-06-29,1,772.29,team-infra,project-delta,production,normal
res-e28632210b,EC2Instance,Azure,us-east-1,2023-09-28,2024-02-23,128,105.29,,,,shadow_it
res-aa76045dcd,S3Bucket,AWS,eu-west-1,2024-04-14,2024-06-19,11,43.35,team-data,project-gamma,development,normal
res-4fc663c915,EKSCluster,GCP,us-east-1,2023-01-09,2024-06-30,0,338.15,team-backend,project-gamma,development,normal
res-baddc58525,EC2Instance,Azure,eu-west-1,2023-12-18,2024-06-29,1,498.62,team-backend,project-delta,staging,normal
res-a65fabcbb2,RDSInstance,Azure,eu-west-1,2023-12-09,2024-06-25,5,355.67,team-frontend,project-alpha,production,normal
res-dd942982e8,EBSVolume,AWS,us-east-1,2024-02-24,2024-06-21,9,11.41,team-frontend,project-omega,development,normal
res-f71a09d89e,EC2Instance,AWS,ap-south-1,2023-08-16,2024-06-18,12,150.48,team-frontend,project-alpha,production,normal
res-746ca5a4d6,EBSVolume,GCP,ap-south-1,2023-11-29,2024-06-27,3,111.22,team-frontend,project-delta,development,normal
res-71be1d1602,EC2Instance,AWS,ap-southeast-1,2024-01-14,2024-06-19,11,370.45,team-frontend,project-alpha,staging,normal
res-e81a0e456c,S3Bucket,GCP,eu-west-1,2023-05-13,2024-06-29,1,44.56,team-data,project-gamma,staging,normal
res-e3baf8274f,RDSInstance,AWS,ap-south-1,2023-05-06,2024-06-29,1,774.14,team-frontend,project-beta,development,normal
res-7d9bb76df9,LambdaFunction,GCP,eu-west-1,2023-02-16,2024-06-16,14,32.34,team-infra,project-alpha,development,normal
res-246889a7d7,EKSCluster,AWS,ca-central-1,2024-05-10,2023-12-30,183,234.3,,,,shadow_it
res-1f539eb449,ElasticIP,AWS,ap-south-1,2023-11-22,2024-06-27,3,8.41,team-infra,project-beta,production,normal
res-c7195691a6,S3Bucket,Azure,us-east-1,2023-12-11,2024-06-27,3,42.62,team-security,project-delta,staging,normal
res-2862e52b74,LambdaFunction,GCP,us-west-2,2024-02-04,2024-06-19,11,31.69,team-frontend,project-delta,development,normal
res-9f0bf9ca76,EKSCluster,AWS,ap-southeast-1,2023-10-17,2024-06-16,14,1021.2,team-security,project-alpha,development,normal
res-a94001b43d,LambdaFunction,Azure,us-west-2,2024-03-28,2024-06-27,3,6.19,team-ml,project-delta,production,normal
res-52afbdb72a,NATGateway,AWS,eu-west-1,2023-11-23,2024-06-25,5,175.94,team-infra,project-alpha,production,normal
res-2d2bff8995,ElasticIP,Azure,us-east-1,2023-03-21,2024-06-27,3,6.08,team-security,project-delta,production,normal
res-e9997117d0,EBSVolume,AWS,ap-south-1,2024-04-11,2024-02-28,123,112.79,,,,shadow_it
res-6a95ebafbc,S3Bucket,Azure,ca-central-1,2023-07-30,2024-06-18,12,30.77,team-security,project-gamma,production,normal
res-bca19d7c76,S3Bucket,GCP,us-west-2,2023-10-19,2023-11-16,227,41.03,,,,shadow_it
res-71fd212a8a,EBSVolume,AWS,eu-west-1,2023-02-25,2024-06-27,3,17.48,team-frontend,project-gamma,production,normal
res-ee8b0ea530,RDSInstance,AWS,eu-west-1,2023-03-21,2024-06-16,14,366.45,team-ml,project-omega,development,normal
res-6f53f327e4,EBSVolume,Azure,us-east-1,2023-08-16,2024-06-25,5,74.33,team-security,project-alpha,staging,normal
res-82588e98f1,EKSCluster,Azure,ap-south-1,2024-06-05,2023-10-26,248,1101.43,,,,shadow_it
res-bca8e0b24f,EBSVolume,Azure,us-west-2,2023-11-30,2024-06-23,7,106.21,team-backend,project-gamma,staging,normal
res-1efc86cb9f,NATGateway,AWS,ap-southeast-1,2023-07-01,2024-06-28,2,35.71,team-security,project-alpha,production,normal
res-3e24cc79ed,ElasticIP,AWS,eu-west-1,2024-02-28,2024-06-29,1,3.27,team-frontend,project-gamma,production,normal
res-d005e550bd,EKSCluster,AWS,ap-south-1,2023-09-28,2024-06-23,7,412.56,team-ml,project-omega,staging,normal
res-3841e66809,EC2Instance,AWS,ca-central-1,2024-05-01,2024-06-23,7,108.0,team-data,project-alpha,production,normal
res-c523fecee3,EC2Instance,GCP,us-west-2,2023-09-07,2024-06-22,8,538.19,team-backend,project-alpha,production,normal
res-646246a667,ElasticIP,GCP,us-west-2,2023-11-11,2024-06-28,2,4.84,team-security,project-omega,production,normal
res-7d04c2fd7b,EC2Instance,AWS,ap-southeast-1,2024-04-29,2024-06-22,8,510.62,team-data,project-alpha,staging,normal
res-d88f9b68bd,EC2Instance,GCP,us-west-2,2024-03-17,2024-06-22,8,93.15,team-backend,project-gamma,staging,normal
res-7dfd97c20a,RDSInstance,Azure,us-east-1,2024-05-01,2024-06-17,13,292.27,team-infra,project-beta,development,normal
res-2cb52ce9b7,ElasticIP,AWS,us-west-2,2024-06-10,2024-06-27,3,6.3,team-data,project-delta,development,normal
res-c30e96502d,EC2Instance,GCP,ca-central-1,2024-02-18,2024-06-25,5,259.55,team-ml,project-beta,production,normal
res-67ddff06d1,EBSVolume,GCP,ca-central-1,2023-12-11,2023-07-13,353,143.78,,,,shadow_it
res-ef3a06d903,RDSInstance,Azure,us-west-2,2023-06-03,2024-06-25,5,639.08,team-frontend,project-omega,development,normal
res-2d1cb53269,EC2Instance,AWS,us-west-2,2024-04-26,2024-06-21,9,371.77,team-security,project-gamma,production,normal
res-0b2c33a1a8,RDSInstance,GCP,us-west-2,2023-05-11,2024-06-23,7,342.56,team-frontend,project-omega,staging,normal
res-a12d237cc2,EKSCluster,Azure,eu-west-1,2023-07-09,2024-06-26,4,453.9,team-ml,project-beta,production,normal
res-5a39ff8a6d,EBSVolume,AWS,eu-west-1,2023-09-16,2024-06-23,7,42.29,team-backend,project-beta,staging,normal
res-7cefbe3f9c,LambdaFunction,GCP,eu-west-1,2023-01-15,2024-06-25,5,34.87,team-infra,project-delta,staging,normal
res-6e36b0042f,ElasticIP,AWS,us-west-2,2024-01-24,2024-06-18,12,6.27,team-ml,project-delta,development,normal
res-1dc451bc2a,S3Bucket,Azure,us-east-1,2023-12-26,2024-06-26,4,35.78,team-backend,project-omega,production,normal
res-049a4e25b0,EBSVolume,GCP,ca-central-1,2023-03-30,2024-06-20,10,34.49,team-infra,project-alpha,development,normal
res-50899217b3,RDSInstance,GCP,ap-southeast-1,2024-01-25,2024-06-26,4,851.53,team-frontend,project-beta,production,normal
res-b31774d24d,LambdaFunction,GCP,us-west-2,2023-04-26,2024-06-21,9,38.38,team-frontend,project-gamma,staging,normal
res-3d6948ec74,S3Bucket,GCP,us-east-1,2024-04-06,2024-06-18,12,15.01,team-infra,project-gamma,staging,normal
res-51004d226d,EBSVolume,Azure,us-west-2,2024-04-19,2024-06-27,3,83.76,team-backend,project-gamma,production,normal
res-57646ac6be,ElasticIP,AWS,us-east-1,2023-01-27,2024-06-22,8,5.82,team-data,project-alpha,staging,normal
res-06a0a54d48,RDSInstance,AWS,ca-central-1,2024-03-23,2024-06-28,2,530.78,team-infra,project-omega,staging,normal
res-d8e2b6d7b4,EKSCluster,GCP,ap-southeast-1,2023-04-20,2024-06-24,6,661.21,team-data,project-alpha,production,normal
res-fcb5e862ac,RDSInstance,AWS,ap-southeast-1,2023-10-25,2024-06-17,13,301.8,team-infra,project-beta,staging,normal
res-0358eaf5dd,NATGateway,Azure,ap-south-1,2024-05-15,2024-06-27,3,185.5,team-backend,project-delta,production,normal
res-ab42d77626,S3Bucket,Azure,us-east-1,2023-11-22,2024-06-19,11,7.68,team-ml,project-gamma,development,normal
res-ea185a4fa0,LambdaFunction,Azure,us-east-1,2024-01-28,2023-07-09,357,24.59,,,,shadow_it
res-2ab8eabf93,S3Bucket,Azure,ca-central-1,2023-08-15,2024-06-25,5,25.05,team-backend,project-delta,development,normal
res-c3cf7aecca,NATGateway,AWS,ca-central-1,2023-01-28,2024-06-28,2,126.39,team-ml,project-beta,staging,normal
res-7f89d67fea,RDSInstance,GCP,eu-west-1,2024-03-03,2024-06-27,3,528.68,team-infra,project-gamma,development,normal
res-eef4fd818e,EKSCluster,GCP,us-west-2,2023-04-24,2023-12-22,191,962.26,,,,shadow_it
res-e0d10332aa,EC2Instance,GCP,us-west-2,2024-05-03,2024-06-17,13,519.27,team-backend,project-alpha,staging,normal
res-1f25ab833f,EBSVolume,GCP,eu-west-1,2024-04-12,2024-02-08,143,18.89,,,,shadow_it
res-d79b795378,EKSCluster,Azure,eu-west-1,2023-08-12,2024-06-25,5,874.69,team-infra,project-omega,staging,normal
res-65a911e1fa,EBSVolume,Azure,ap-south-1,2024-05-10,2023-11-08,235,106.02,,,,shadow_it
res-1e53e50ba8,RDSInstance,GCP,eu-west-1,2024-02-04,2024-06-30,0,883.86,team-ml,project-omega,production,normal
res-ad531dd747,LambdaFunction,GCP,eu-west-1,2024-03-15,2024-06-25,5,6.43,team-frontend,project-gamma,staging,normal
res-9880da640c,S3Bucket,AWS,us-west-2,2024-03-20,2024-06-29,1,52.54,team-ml,project-omega,staging,normal
res-a686f0d059,EKSCluster,Azure,ap-southeast-1,2023-11-27,2024-06-18,12,385.68,team-backend,project-delta,staging,normal
res-536982e939,RDSInstance,GCP,ca-central-1,2024-01-28,2024-06-28,2,610.52,team-backend,project-delta,production,normal
res-a078a9e200,RDSInstance,Azure,eu-west-1,2023-01-27,2024-06-29,1,684.72,team-security,project-beta,development,normal
res-b1b91a75a6,RDSInstance,GCP,us-east-1,2023-05-23,2024-06-25,5,212.04,team-data,project-gamma,production,normal
res-d7b6e72c9c,ElasticIP,GCP,ap-south-1,2023-08-21,2024-06-18,12,7.37,team-infra,project-beta,development,normal
res-11af711190,S3Bucket,GCP,eu-west-1,2024-04-30,2024-06-19,11,65.31,team-security,project-beta,staging,normal
res-f9c79cc2b0,EC2Instance,Azure,ap-south-1,2023-11-05,2024-06-16,14,419.44,team-backend,project-beta,production,normal
res-b0b5610080,EKSCluster,AWS,eu-west-1,2023-12-28,2023-12-29,184,766.25,,,,shadow_it
res-b182dd7919,EC2Instance,Azure,us-east-1,2024-04-08,2023-09-27,277,494.82,,,,shadow_it
res-70916f1eec,EC2Instance,Azure,ca-central-1,2024-05-11,2024-06-24,6,90.74,team-data,project-gamma,production,normal
res-8cae603232,EC2Instance,Azure,ca-central-1,2024-02-03,2023-08-10,325,552.5,,,,shadow_it
res-6594c8f419,EBSVolume,AWS,ap-south-1,2023-11-27,2024-06-20,10,76.48,team-infra,project-beta,production,normal
res-65cd8573ce,EC2Instance,GCP,us-east-1,2023-08-21,2024-06-21,9,592.22,team-frontend,project-omega,production,normal
res-2ccf60fd82,EKSCluster,GCP,eu-west-1,2023-12-23,2024-06-22,8,855.63,team-data,project-gamma,production,normal
res-5e7486a0c5,EC2Instance,AWS,eu-west-1,2023-03-28,2024-06-30,0,478.31,team-backend,project-alpha,development,normal
res-1ed840265f,S3Bucket,Azure,ca-central-1,2023-03-16,2024-06-21,9,26.06,team-backend,project-gamma,development,normal
res-139e695003,EC2Instance,AWS,ca-central-1,2023-03-25,2024-06-28,2,202.75,team-infra,project-beta,staging,normal
res-d31146e6b0,EC2Instance,GCP,ap-south-1,2023-12-17,2024-06-20,10,432.75,team-backend,project-gamma,development,normal
res-3e077f57ed,EBSVolume,GCP,ap-south-1,2024-01-09,2024-06-16,14,78.04,team-backend,project-delta,production,normal
res-c613d50bce,LambdaFunction,AWS,ap-south-1,2023-03-27,2024-06-23,7,33.5,team-data,project-alpha,development,normal
res-ed1d0f92ec,S3Bucket,AWS,us-west-2,2023-06-13,2024-06-28,2,45.36,team-data,project-delta,staging,normal
res-1edfa69951,EC2Instance,AWS,ap-southeast-1,2023-12-06,2024-06-22,8,411.66,team-backend,project-alpha,production,normal
res-a4778fb0a4,EBSVolume,GCP,eu-west-1,2024-06-06,2024-06-22,8,56.7,team-backend,project-omega,development,normal
res-b4f9543542,RDSInstance,GCP,ap-south-1,2023-04-20,2023-10-24,250,512.14,,,,shadow_it
res-e08455922e,EC2Instance,Azure,ca-central-1,2023-03-20,2024-06-19,11,114.91,team-security,project-gamma,staging,normal
res-562b70a2c9,EBSVolume,AWS,ca-central-1,2023-11-11,2023-09-23,281,18.95,,,,shadow_it
res-54ce4e728a,EC2Instance,GCP,ca-central-1,2023-05-22,2024-03-01,121,363.0,,,,shadow_it
res-f8ef7f4808,EBSVolume,AWS,us-east-1,2023-06-06,2024-06-20,10,12.48,team-infra,project-delta,production,normal
res-6cf957d99d,EBSVolume,Azure,ca-central-1,2023-11-13,2024-06-29,1,26.63,team-frontend,project-gamma,production,normal
res-9db204b3d6,EKSCluster,AWS,us-west-2,2023-09-24,2024-06-28,2,1153.92,team-infra,project-omega,production,normal
res-2f4d9760c8,ElasticIP,GCP,ap-southeast-1,2023-03-28,2024-06-18,12,8.12,team-frontend,project-omega,production,normal
res-9f62dee9a7,LambdaFunction,Azure,eu-west-1,2024-02-27,2024-03-02,120,3.66,,,,shadow_it
res-2811a0de89,NATGateway,GCP,ca-central-1,2023-10-25,2024-06-24,6,127.67,team-frontend,project-alpha,development,normal
res-d74249de90,RDSInstance,Azure,us-west-2,2024-01-10,2024-06-25,5,414.5,team-data,project-gamma,staging,normal
res-9f807829bd,EKSCluster,GCP,ap-south-1,2023-06-16,2024-06-18,12,220.94,team-ml,project-gamma,staging,normal
res-3aa1fd2c97,NATGateway,Azure,eu-west-1,2023-06-01,2024-06-20,10,95.45,team-data,project-alpha,development,normal
res-345f28910a,ElasticIP,AWS,ca-central-1,2023-05-20,2024-06-25,5,8.15,team-frontend,project-delta,staging,normal
res-adb82c7768,NATGateway,Azure,us-west-2,2023-06-09,2024-02-01,150,176.96,,,,shadow_it
res-76cddd8e9d,LambdaFunction,AWS,ap-southeast-1,2023-05-10,2024-06-18,12,19.48,team-infra,project-delta,staging,normal
res-05d1d52714,ElasticIP,AWS,ap-southeast-1,2023-02-05,2024-06-28,2,9.92,team-security,project-alpha,development,normal
res-7ca0c6e8ee,EBSVolume,AWS,us-west-2,2023-01-17,2023-12-20,193,100.15,,,,shadow_it
res-4e1ea04869,EKSCluster,GCP,ap-south-1,2023-04-14,2024-06-17,13,519.54,team-backend,project-alpha,development,normal
res-817490cda1,LambdaFunction,GCP,ca-central-1,2023-03-30,2024-06-24,6,14.61,team-data,project-omega,production,normal
res-f429ca2cb7,ElasticIP,AWS,ap-southeast-1,2024-04-06,2024-06-29,1,7.19,team-security,project-delta,production,normal
res-7145830129,EBSVolume,GCP,ap-south-1,2023-09-19,2024-06-17,13,119.13,team-backend,project-alpha,staging,normal
res-aee66b49d6,RDSInstance,AWS,ca-central-1,2023-09-07,2023-09-05,299,657.64,,,,shadow_it
res-5eb03d8a48,EBSVolume,GCP,eu-west-1,2024-01-15,2024-06-21,9,82.3,team-security,project-alpha,production,normal
res-51f71e1837,NATGateway,AWS,ap-south-1,2024-06-01,2024-06-17,13,92.3,team-infra,project-alpha,production,normal
res-03e6b25322,EC2Instance,Azure,ap-southeast-1,2023-12-25,2024-06-20,10,485.38,team-data,project-omega,staging,normal
res-cb1d510e6a,NATGateway,GCP,ap-southeast-1,2023-01-15,2024-06-28,2,48.37,team-backend,project-beta,production,normal
res-94b10312ca,EC2Instance,Azure,ap-southeast-1,2023-05-16,2024-06-25,5,399.73,team-security,project-alpha,production,normal
res-6fba38f87e,S3Bucket,GCP,ap-south-1,2023-07-15,2024-06-28,2,75.65,team-ml,project-gamma,development,normal
res-3151124e3e,EKSCluster,Azure,us-east-1,2023-05-25,2024-06-26,4,1030.38,team-backend,project-omega,development,normal
res-03b1104494,S3Bucket,Azure,ca-central-1,2023-08-18,2024-03-28,94,43.26,,,,shadow_it
res-071e70c768,RDSInstance,Azure,ca-central-1,2023-08-22,2023-10-09,265,136.5,,,,shadow_it
res-fc3ffb83e8,EC2Instance,Azure,us-west-2,2024-05-13,2024-06-18,12,582.06,team-security,project-omega,production,normal
res-83e982719b,EKSCluster,GCP,ap-south-1,2023-12-10,2023-10-21,253,324.62,,,,shadow_it
res-6862473019,S3Bucket,AWS,ap-southeast-1,2023-01-19,2024-06-17,13,50.01,team-data,project-beta,development,normal
res-08181a795f,NATGateway,Azure,ap-south-1,2024-03-04,2024-06-27,3,193.72,team-ml,project-gamma,development,normal
res-ba3701e37e,S3Bucket,GCP,ca-central-1,2023-06-01,2024-06-26,4,46.01,team-security,project-gamma,staging,normal
res-f3ee10e7aa,LambdaFunction,GCP,us-east-1,2023-06-11,2024-06-29,1,29.45,team-backend,project-alpha,staging,normal
res-1617395efe,S3Bucket,GCP,us-east-1,2023-08-04,2023-11-13,230,7.37,,,,shadow_it
res-3ea3994153,EBSVolume,GCP,eu-west-1,2024-06-09,2024-06-17,13,141.32,team-frontend,project-delta,development,normal
res-76c8af6e42,NATGateway,GCP,ap-south-1,2023-08-03,2024-06-28,2,45.89,team-security,project-delta,production,normal
res-e987f90f47,EC2Instance,AWS,eu-west-1,2023-03-17,2023-09-24,280,437.32,,,,shadow_it
res-47d914803f,RDSInstance,AWS,ca-central-1,2023-10-16,2024-06-21,9,400.57,team-ml,project-gamma,staging,normal
res-9383465672,LambdaFunction,Azure,ap-southeast-1,2023-04-27,2024-06-25,5,39.06,team-infra,project-beta,development,normal
res-bfbc369c9e,EBSVolume,AWS,ap-southeast-1,2023-01-30,2024-06-29,1,146.39,team-data,project-delta,staging,normal
res-b2c47debdf,EC2Instance,Azure,us-west-2,2023-08-21,2024-06-27,3,453.51,team-security,project-omega,staging,normal
res-b8b5fced53,LambdaFunction,Azure,us-east-1,2024-05-13,2023-12-08,205,18.44,,,,shadow_it
res-e8e7cf78c4,EBSVolume,Azure,ap-south-1,2023-10-01,2024-06-24,6,132.92,team-backend,project-delta,development,normal
res-aecaca2ead,NATGateway,AWS,ca-central-1,2024-02-03,2024-06-25,5,126.67,team-ml,project-alpha,staging,normal
res-cd9bceb58d,LambdaFunction,AWS,us-west-2,2023-05-21,2024-06-27,3,4.23,team-ml,project-gamma,production,normal
res-2406ead0e3,EKSCluster,GCP,us-west-2,2024-03-08,2023-08-13,322,567.58,,,,shadow_it
res-d0244aad0d,EKSCluster,GCP,ap-southeast-1,2024-02-16,2024-06-29,1,1191.06,team-infra,project-omega,development,normal
res-0c219036cb,RDSInstance,AWS,us-west-2,2024-06-02,2024-06-26,4,306.62,team-infra,project-omega,production,normal
res-f59916fc04,EKSCluster,AWS,eu-west-1,2023-03-12,2024-06-29,1,475.27,team-backend,project-omega,production,normal
res-729cfab853,LambdaFunction,Azure,ap-south-1,2024-03-31,2024-06-21,9,14.45,team-ml,project-omega,production,normal
res-f707d9d931,EBSVolume,AWS,ap-south-1,2024-05-11,2024-06-23,7,50.2,team-security,project-delta,staging,normal
res-7817e11e1e,EKSCluster,AWS,us-west-2,2023-09-16,2024-06-26,4,306.05,team-frontend,project-delta,production,normal
res-8312901d92,S3Bucket,GCP,us-west-2,2023-03-19,2024-06-20,10,14.33,team-ml,project-gamma,development,normal
res-23a9a8889f,LambdaFunction,GCP,us-east-1,2023-09-24,2024-06-24,6,20.4,team-security,project-omega,development,normal
res-c51bec5530,EC2Instance,GCP,ca-central-1,2023-02-04,2024-06-19,11,463.0,team-infra,project-beta,staging,normal
res-ba1bd35c74,LambdaFunction,GCP,us-west-2,2024-01-24,2024-06-21,9,20.9,team-security,project-gamma,production,normal
res-1a6c5c04a2,RDSInstance,AWS,eu-west-1,2024-02-24,2024-06-17,13,234.34,team-data,project-gamma,staging,normal
res-003190ea2e,LambdaFunction,AWS,us-east-1,2023-06-14,2023-11-15,228,12.83,,,,shadow_it
res-6d3f229230,S3Bucket,GCP,eu-west-1,2023-09-15,2024-06-17,13,34.9,team-frontend,project-omega,production,normal
res-a5fe5a11a7,EKSCluster,AWS,ap-southeast-1,2024-05-22,2023-09-16,288,252.97,,,,shadow_it
res-65f134fdce,ElasticIP,GCP,ca-central-1,2023-06-04,2024-06-26,4,3.72,team-infra,project-alpha,staging,normal
res-72a9021bf0,RDSInstance,AWS,ap-south-1,2023-09-24,2024-06-25,5,720.47,team-ml,project-delta,production,normal
res-cdc760353b,EKSCluster,GCP,ca-central-1,2023-08-02,2024-06-16,14,422.66,team-frontend,project-delta,development,normal
res-6edf94b544,ElasticIP,GCP,eu-west-1,2023-09-05,2024-06-26,4,6.26,team-frontend,project-alpha,staging,normal
res-b7acb80c5d,EBSVolume,AWS,eu-west-1,2023-06-22,2024-06-27,3,35.23,team-infra,project-gamma,staging,normal
res-9ce229a471,EC2Instance,GCP,us-west-2,2023-12-06,2024-06-17,13,259.25,team-backend,project-omega,staging,normal
res-13104bfdc4,EC2Instance,GCP,eu-west-1,2024-01-31,2024-06-26,4,433.61,team-infra,project-beta,production,normal
res-a0596c4141,S3Bucket,GCP,us-east-1,2024-06-10,2024-06-20,10,64.42,team-backend,project-alpha,production,normal
res-af4b69c407,NATGateway,GCP,ca-central-1,2023-01-09,2024-06-24,6,193.22,team-frontend,project-delta,development,normal
res-eb485daa11,NATGateway,GCP,eu-west-1,2024-02-21,2024-06-30,0,141.68,team-security,project-alpha,staging,normal
res-e3fc589640,NATGateway,GCP,eu-west-1,2023-12-12,2024-06-16,14,66.13,team-infra,project-gamma,production,normal
res-74343037eb,EKSCluster,Azure,us-west-2,2023-12-22,2024-06-16,14,762.89,team-infra,project-beta,development,normal
res-62f02d2663,EC2Instance,Azure,ap-south-1,2024-02-19,2024-06-18,12,412.73,team-data,project-beta,development,normal
res-8fc73ff9c9,EKSCluster,GCP,ap-south-1,2023-12-30,2024-06-28,2,868.03,team-frontend,project-beta,development,normal
res-1fab0d2588,EC2Instance,AWS,ap-southeast-1,2023-01-09,2024-06-25,5,106.78,team-infra,project-gamma,staging,normal
res-979a411779,RDSInstance,GCP,us-west-2,2023-05-17,2024-06-19,11,691.14,team-backend,project-alpha,production,normal
res-43156a4524,LambdaFunction,GCP,ca-central-1,2024-01-28,2024-06-26,4,15.85,team-backend,project-omega,staging,normal
res-cceb0454da,EKSCluster,AWS,eu-west-1,2023-05-28,2024-06-25,5,867.79,team-data,project-beta,production,normal
res-b6a2a999d8,ElasticIP,AWS,ap-southeast-1,2023-07-16,2024-06-22,8,8.1,team-security,project-beta,staging,normal
res-4d8088ffff,ElasticIP,Azure,ap-south-1,2023-11-07,2024-06-25,5,8.3,team-backend,project-omega,production,normal
res-4af8265bfa,NATGateway,Azure,eu-west-1,2023-02-14,2024-06-16,14,158.74,team-data,project-delta,development,normal
res-6ab2f5c622,S3Bucket,GCP,ap-south-1,2023-04-19,2024-03-21,101,67.92,,,,shadow_it
res-dfecfd8535,EBSVolume,Azure,ap-south-1,2023-12-14,2024-06-23,7,122.82,team-ml,project-delta,development,normal
res-13aed916d4,S3Bucket,Azure,us-east-1,2024-01-17,2024-06-24,6,54.31,team-infra,project-beta,production,normal
res-249fee8867,S3Bucket,Azure,ap-south-1,2023-09-26,2024-06-16,14,52.09,team-backend,project-omega,production,normal
res-f500961446,NATGateway,Azure,ap-southeast-1,2023-06-29,2024-06-26,4,183.56,team-ml,project-beta,development,normal
res-1708234e36,EBSVolume,AWS,us-east-1,2024-03-15,2024-06-24,6,132.88,team-security,project-gamma,production,normal
res-3f71217e1d,LambdaFunction,GCP,ap-south-1,2023-12-27,2024-06-21,9,8.43,team-security,project-omega,staging,normal
res-b46c785582,RDSInstance,Azure,eu-west-1,2023-10-02,2024-06-23,7,176.74,team-security,project-alpha,production,normal
res-750c2644fa,NATGateway,GCP,us-east-1,2024-06-06,2024-06-18,12,39.6,team-backend,project-gamma,staging,normal
res-b271850320,LambdaFunction,AWS,us-east-1,2024-03-30,2024-06-18,12,21.18,team-backend,project-alpha,production,normal
res-4b3aa163dd,RDSInstance,AWS,eu-west-1,2023-06-14,2024-06-19,11,284.41,team-frontend,project-alpha,staging,normal
res-0160558fbf,EKSCluster,GCP,ap-southeast-1,2023-10-14,2024-06-24,6,1083.12,team-infra,project-alpha,production,normal
res-d03c0d28cb,LambdaFunction,GCP,us-west-2,2024-02-12,2023-09-23,281,22.0,,,,shadow_it
res-f883c7a72d,EBSVolume,GCP,us-west-2,2023-02-23,2024-06-23,7,143.12,team-security,project-alpha,staging,normal
res-d7c0c2a64b,EKSCluster,AWS,us-east-1,2023-09-24,2024-06-20,10,508.99,team-backend,project-delta,production,normal
res-c770114ad7,EBSVolume,GCP,ap-southeast-1,2024-03-04,2024-06-22,8,45.64,team-backend,project-omega,development,normal
res-0bab9fd824,NATGateway,AWS,us-east-1,2024-03-30,2024-06-17,13,111.34,team-infra,project-delta,staging,normal
res-9ce0db1517,LambdaFunction,Azure,ca-central-1,2024-03-28,2024-01-26,156,27.5,,,,shadow_it
res-97ee5b8557,EKSCluster,GCP,us-east-1,2024-04-23,2024-06-18,12,1078.29,team-ml,project-beta,production,normal
res-b528855cac,EBSVolume,GCP,ap-southeast-1,2023-03-28,2024-06-27,3,47.0,team-backend,project-alpha,staging,normal
res-639ee74cad,EC2Instance,GCP,us-east-1,2023-10-23,2024-06-26,4,381.22,team-infra,project-gamma,staging,normal
res-223694f174,EKSCluster,Azure,us-west-2,2023-01-28,2023-11-15,228,377.91,,,,shadow_it
res-f9083ea9dc,EC2Instance,Azure,ap-south-1,2024-05-30,2024-06-24,6,285.39,team-ml,project-gamma,production,normal
res-188735f605,EKSCluster,Azure,us-west-2,2023-12-17,2024-01-28,154,348.51,,,,shadow_it
res-d9038b096c,LambdaFunction,Azure,us-east-1,2024-01-03,2024-06-19,11,27.87,team-backend,project-beta,production,normal
res-c6be4c97ff,S3Bucket,AWS,ap-southeast-1,2023-03-01,2023-12-02,211,69.5,,,,shadow_it
res-f2a70f48ca,NATGateway,AWS,ap-southeast-1,2023-01-24,2024-06-26,4,188.87,team-security,project-gamma,development,normal
res-982f9b2919,LambdaFunction,Azure,ap-south-1,2023-12-23,2024-06-27,3,27.11,team-ml,project-gamma,staging,normal
res-502bc10db0,EKSCluster,Azure,eu-west-1,2024-01-09,2024-06-20,10,818.81,team-infra,project-delta,production,normal
res-2951f3bd7e,NATGateway,GCP,ca-central-1,2023-10-28,2024-06-24,6,177.67,team-data,project-beta,staging,normal
res-0f4f70af98,EBSVolume,GCP,us-east-1,2023-11-02,2024-06-26,4,96.4,team-frontend,project-alpha,staging,normal
res-ddfb086248,S3Bucket,Azure,ca-central-1,2023-02-18,2024-06-28,2,27.19,team-backend,project-omega,production,normal
res-820ba0b523,EBSVolume,AWS,ap-southeast-1,2023-02-15,2024-06-19,11,101.36,team-security,project-delta,development,normal
res-a5c7d37134,EKSCluster,GCP,ca-central-1,2023-06-16,2024-06-24,6,1195.97,team-ml,project-beta,staging,normal
res-508ffb07b4,EBSVolume,GCP,us-west-2,2023-08-20,2024-06-16,14,144.45,team-backend,project-alpha,staging,normal
res-25c104c216,NATGateway,Azure,us-east-1,2023-04-28,2024-06-28,2,111.65,team-security,project-beta,production,normal
res-f10b03aecf,ElasticIP,Azure,us-west-2,2023-11-28,2024-06-27,3,4.5,team-backend,project-gamma,production,normal
res-56a38ab8fc,ElasticIP,GCP,us-east-1,2023-06-29,2024-01-04,178,9.1,,,,shadow_it
res-5f9ccadf70,ElasticIP,Azure,eu-west-1,2023-06-10,2024-06-26,4,7.64,team-backend,project-delta,production,normal
res-5b7c7ace5e,ElasticIP,GCP,ap-southeast-1,2023-07-22,2024-06-28,2,9.39,team-infra,project-beta,production,normal
res-5f0108b992,NATGateway,GCP,ap-south-1,2023-08-15,2024-06-23,7,112.32,team-frontend,project-delta,staging,normal
res-146db3dc8a,ElasticIP,GCP,us-west-2,2024-02-07,2024-06-27,3,5.15,team-data,project-delta,staging,normal
res-abe2a8e5b9,LambdaFunction,GCP,ap-southeast-1,2023-09-06,2024-06-28,2,27.97,team-backend,project-alpha,staging,normal
res-446bce2928,EKSCluster,AWS,us-west-2,2023-03-16,2024-06-29,1,201.86,team-ml,project-beta,production,normal
res-0a7e1b0048,EC2Instance,AWS,us-west-2,2023-05-10,2023-09-20,284,579.59,,,,shadow_it
res-4095bf382c,RDSInstance,Azure,ap-southeast-1,2023-02-07,2024-06-18,12,422.28,team-backend,project-beta,production,normal
res-2cf9835240,ElasticIP,AWS,us-west-2,2024-05-04,2024-06-26,4,9.78,team-infra,project-delta,staging,normal
res-11f20bbc74,RDSInstance,Azure,ca-central-1,2023-03-31,2024-06-23,7,795.91,team-security,project-delta,production,normal
res-c8817804ac,S3Bucket,Azure,ap-southeast-1,2023-08-15,2024-06-27,3,63.04,team-ml,project-omega,staging,normal
res-277487da1d,EBSVolume,GCP,us-west-2,2024-03-21,2024-06-21,9,40.8,team-backend,project-gamma,staging,normal
res-d390a49e78,NATGateway,AWS,ap-southeast-1,2023-12-03,2024-06-16,14,197.73,team-data,project-alpha,staging,normal
res-5e0af95f44,LambdaFunction,Azure,us-east-1,2024-01-04,2023-09-03,301,26.39,,,,shadow_it
res-c42492be67,ElasticIP,AWS,us-west-2,2023-09-04,2023-12-03,210,5.55,,,,shadow_it
res-49d0bbeb22,LambdaFunction,Azure,ap-south-1,2023-03-11,2024-06-24,6,16.52,team-backend,project-gamma,production,normal
res-6ae2417100,LambdaFunction,GCP,ca-central-1,2023-08-02,2024-06-28,2,29.49,team-backend,project-delta,development,normal
res-2eaa2411fb,RDSInstance,Azure,us-west-2,2024-03-22,2024-06-18,12,502.89,team-frontend,project-gamma,production,normal
res-83b7f1a118,S3Bucket,Azure,eu-west-1,2023-01-21,2024-06-28,2,76.88,team-infra,project-beta,production,normal
res-5da5b34f83,LambdaFunction,GCP,ca-central-1,2023-09-05,2024-06-28,2,9.99,team-data,project-omega,production,normal
res-542ef841db,S3Bucket,AWS,ap-south-1,2024-04-09,2024-06-22,8,37.37,team-infra,project-gamma,development,normal
res-673f436865,EC2Instance,Azure,eu-west-1,2023-05-31,2024-06-19,11,130.33,team-security,project-gamma,staging,normal
res-85af751e96,LambdaFunction,AWS,us-west-2,2024-03-10,2024-06-21,9,9.17,team-infra,project-alpha,staging,normal
res-6ed8d32983,EKSCluster,AWS,ca-central-1,2024-01-28,2023-12-26,187,1186.18,,,,shadow_it
res-c82a376192,RDSInstance,Azure,ap-south-1,2023-12-14,2024-06-25,5,356.23,team-data,project-alpha,staging,normal
res-c2925bd09b,S3Bucket,AWS,us-east-1,2024-02-12,2024-06-20,10,12.72,team-infra,project-beta,staging,normal
res-4f745b308d,ElasticIP,Azure,us-east-1,2023-06-17,2024-06-30,0,9.53,team-data,project-beta,development,normal
res-eb5a4102ab,EBSVolume,Azure,us-east-1,2024-02-24,2024-06-28,2,43.11,team-frontend,project-delta,production,normal
res-5cf740dc7c,ElasticIP,AWS,ap-southeast-1,2023-07-12,2024-06-22,8,7.55,team-security,project-gamma,production,normal
res-4908fb4159,NATGateway,Azure,ap-southeast-1,2023-11-11,2024-06-25,5,151.97,team-frontend,project-omega,staging,normal
res-17cdf12a90,EBSVolume,AWS,eu-west-1,2023-07-22,2024-06-23,7,11.33,team-ml,project-alpha,development,normal
res-7ab8b3e0ee,S3Bucket,GCP,eu-west-1,2023-08-29,2024-06-29,1,19.74,team-data,project-gamma,production,normal
res-7091488430,ElasticIP,Azure,ca-central-1,2023-11-02,2024-06-18,12,4.72,team-security,project-omega,production,normal
res-a0b64d78fe,EKSCluster,GCP,ap-southeast-1,2024-05-25,2024-01-01,181,752.07,,,,shadow_it
res-eae221d291,EBSVolume,Azure,ca-central-1,2023-03-10,2024-06-28,2,28.67,team-ml,project-omega,production,normal
res-5480022312,EKSCluster,Azure,ap-southeast-1,2023-12-09,2024-06-27,3,647.55,team-frontend,project-omega,development,normal
res-7f10d740e0,EKSCluster,GCP,ap-south-1,2024-02-26,2024-06-19,11,783.98,team-infra,project-alpha,development,normal
res-c5a3fd8347,ElasticIP,GCP,ca-central-1,2023-10-23,2024-06-18,12,4.46,team-infra,project-delta,development,normal
res-db82d3918f,EBSVolume,GCP,us-east-1,2023-07-26,2024-06-20,10,141.16,team-ml,project-delta,production,normal
res-75c45cb8be,RDSInstance,AWS,ap-south-1,2023-09-06,2024-06-26,4,256.86,team-ml,project-delta,development,normal
res-e0543d6da0,S3Bucket,Azure,us-east-1,2023-04-23,2024-06-30,0,31.5,team-backend,project-delta,production,normal
res-4135c8ad9f,ElasticIP,GCP,ca-central-1,2024-02-10,2024-06-21,9,8.95,team-infra,project-gamma,development,normal
res-8874646abe,EKSCluster,GCP,ap-southeast-1,2023-04-20,2024-06-26,4,1081.31,team-backend,project-gamma,production,normal
res-a6fa1e0b12,ElasticIP,GCP,ap-south-1,2023-11-24,2024-06-17,13,8.88,team-data,project-gamma,staging,normal
res-7bf120d79d,RDSInstance,Azure,ca-central-1,2023-06-30,2023-10-18,256,406.77,,,,shadow_it
res-9a75b6cf62,EBSVolume,AWS,ap-southeast-1,2023-11-21,2023-11-05,238,143.43,,,,shadow_it
res-17e00f4422,ElasticIP,GCP,us-west-2,2024-06-20,2024-06-23,7,8.61,team-frontend,project-delta,development,normal
res-97c81ac8fb,EKSCluster,GCP,ap-southeast-1,2024-03-07,2024-06-30,0,602.04,team-security,project-gamma,production,normal
res-0eebb9444a,EKSCluster,AWS,us-west-2,2024-01-16,2024-06-24,6,315.91,team-infra,project-beta,staging,normal
res-ac440866e0,ElasticIP,GCP,eu-west-1,2024-04-11,2023-12-15,198,4.98,,,,shadow_it
res-34afdb6be6,NATGateway,GCP,us-west-2,2024-04-26,2024-06-17,13,35.34,team-data,project-gamma,staging,normal
res-7be46921b7,LambdaFunction,GCP,ca-central-1,2023-07-18,2024-03-21,101,3.82,,,,shadow_it
res-2fd140d79b,RDSInstance,Azure,ap-southeast-1,2023-05-22,2024-06-18,12,684.23,team-frontend,project-beta,development,normal
res-67641152a1,NATGateway,AWS,eu-west-1,2024-05-05,2024-06-25,5,49.97,team-security,project-beta,production,normal
res-92923e9eaf,EKSCluster,Azure,ap-south-1,2023-11-03,2024-01-08,174,292.06,,,,shadow_it
res-fe53582835,S3Bucket,Azure,eu-west-1,2023-09-09,2024-06-28,2,75.67,team-data,project-delta,production,normal
res-46ec9c15b6,LambdaFunction,Azure,eu-west-1,2023-09-16,2024-06-18,12,23.57,team-backend,project-gamma,production,normal
res-dc93121da6,EC2Instance,AWS,ca-central-1,2023-04-24,2024-06-30,0,462.91,team-backend,project-gamma,production,normal
res-826497d468,S3Bucket,GCP,ca-central-1,2023-08-06,2024-06-26,4,37.19,team-security,project-beta,production,normal
res-415bc28554,EKSCluster,AWS,us-east-1,2023-02-10,2024-06-28,2,407.74,team-security,project-gamma,production,normal
res-63465745fc,RDSInstance,AWS,us-east-1,2023-07-10,2024-06-23,7,457.53,team-frontend,project-alpha,production,normal
res-78a852b695,EBSVolume,Azure,us-east-1,2024-01-01,2024-06-21,9,30.32,team-backend,project-gamma,staging,normal
res-fd3b8f47ab,S3Bucket,AWS,ap-south-1,2024-03-22,2024-06-25,5,50.24,team-security,project-omega,production,normal
res-15103f591c,RDSInstance,Azure,us-west-2,2023-07-26,2024-06-29,1,454.3,team-backend,project-beta,development,normal
res-e7f3fecd22,NATGateway,GCP,ca-central-1,2024-02-27,2024-06-23,7,78.57,team-ml,project-beta,development,normal
res-e923f2d5d3,EBSVolume,AWS,ap-south-1,2023-08-05,2024-06-17,13,12.85,team-infra,project-beta,production,normal
res-bec568703d,S3Bucket,GCP,us-east-1,2023-10-05,2024-06-29,1,8.89,team-ml,project-alpha,staging,normal
res-114187fdc2,EKSCluster,AWS,ap-southeast-1,2023-01-09,2024-06-18,12,413.55,team-ml,project-omega,development,normal
res-bd08e85227,EC2Instance,Azure,us-west-2,2023-05-14,2024-06-21,9,92.44,team-ml,project-omega,development,normal
res-0e04bbf858,ElasticIP,GCP,eu-west-1,2023-09-23,2024-06-23,7,8.69,team-frontend,project-beta,development,normal
res-d4441ef3fe,ElasticIP,GCP,us-east-1,2023-02-01,2024-06-26,4,9.59,team-frontend,project-beta,development,normal
res-ac8708656c,LambdaFunction,Azure,ca-central-1,2023-11-23,2023-11-30,213,2.62,,,,shadow_it
res-48dfad5f69,EKSCluster,GCP,ap-south-1,2023-10-29,2023-08-02,333,1045.89,,,,shadow_it
res-f6e5e44c11,RDSInstance,AWS,ap-southeast-1,2023-11-26,2024-06-25,5,542.54,team-data,project-beta,development,normal
res-9b5bc9d183,NATGateway,Azure,ap-southeast-1,2023-12-10,2024-06-26,4,61.1,team-frontend,project-gamma,production,normal
res-e4e6b7eadb,EKSCluster,GCP,us-west-2,2024-01-29,2024-06-19,11,302.43,team-infra,project-beta,production,normal
res-a62efa16b9,EBSVolume,AWS,ap-south-1,2023-04-07,2024-06-28,2,117.32,team-backend,project-gamma,production,normal
res-c27e59dced,LambdaFunction,AWS,us-west-2,2023-04-11,2024-03-14,108,13.61,,,,shadow_it
res-7c013e9e63,EKSCluster,AWS,eu-west-1,2024-01-19,2024-06-27,3,554.49,team-security,project-alpha,development,normal
res-4d89473d53,RDSInstance,GCP,ca-central-1,2024-02-25,2024-06-20,10,460.13,team-frontend,project-omega,development,normal
res-5454afda3a,EKSCluster,AWS,us-west-2,2023-06-29,2024-06-29,1,390.57,team-security,project-omega,development,normal
res-1e4773498a,NATGateway,Azure,eu-west-1,2023-04-19,2024-06-17,13,97.62,team-data,project-omega,development,normal
res-76aaaf8afb,LambdaFunction,Azure,ca-central-1,2024-03-09,2024-06-28,2,20.16,team-frontend,project-beta,development,normal
res-d2877c6ce9,LambdaFunction,Azure,eu-west-1,2024-03-24,2024-06-25,5,13.04,team-security,project-omega,production,normal
res-a4f04d1686,EBSVolume,AWS,eu-west-1,2023-08-05,2024-06-24,6,59.22,team-data,project-gamma,staging,normal
res-786bca8516,S3Bucket,GCP,ca-central-1,2024-01-07,2024-06-25,5,17.13,team-security,project-omega,staging,normal
res-c0dff0b2ec,ElasticIP,AWS,us-east-1,2023-10-18,2024-06-25,5,6.99,team-ml,project-gamma,development,normal
res-16cedbb77c,LambdaFunction,Azure,eu-west-1,2024-03-09,2024-06-26,4,30.9,team-security,project-omega,staging,normal
res-5d5d435854,RDSInstance,Azure,ap-south-1,2023-05-08,2024-06-24,6,336.61,team-frontend,project-alpha,staging,normal
res-372b75ac2c,ElasticIP,Azure,ap-south-1,2023-01-10,2024-06-21,9,7.52,team-backend,project-omega,production,normal
res-ceddfeecd7,EKSCluster,Azure,us-west-2,2024-03-31,2024-06-17,13,699.29,team-security,project-delta,development,normal
res-f218e54fc1,S3Bucket,GCP,ap-southeast-1,2023-12-06,2024-06-26,4,8.52,team-data,project-omega,staging,normal
res-e48f59899f,ElasticIP,Azure,us-east-1,2023-06-27,2024-06-22,8,5.42,team-frontend,project-alpha,staging,normal
res-62c22dac5f,S3Bucket,Azure,us-east-1,2023-07-25,2024-06-22,8,26.6,team-security,project-alpha,production,normal
res-fcf0929800,EKSCluster,AWS,ap-southeast-1,2023-06-17,2024-06-23,7,395.15,team-frontend,project-gamma,staging,normal
res-7b6e43d3dc,NATGateway,Azure,ap-southeast-1,2023-04-04,2024-06-29,1,93.62,team-infra,project-omega,staging,normal
res-f309e7a9e6,EC2Instance,AWS,ap-southeast-1,2023-04-20,2024-06-18,12,590.6,team-backend,project-beta,staging,normal
res-54cfc7f772,RDSInstance,GCP,us-west-2,2024-03-23,2024-06-20,10,389.16,team-data,project-delta,staging,normal
res-8706b6e2af,EKSCluster,Azure,ca-central-1,2023-09-09,2024-06-26,4,862.9,team-infra,project-gamma,production,normal
res-170ce2a1f6,EKSCluster,GCP,us-west-2,2023-06-01,2024-06-22,8,462.85,team-backend,project-beta,staging,normal
res-a82e3adc5b,EKSCluster,GCP,us-east-1,2024-04-04,2024-06-26,4,1136.08,team-security,project-alpha,production,normal
res-99f83a7abb,ElasticIP,Azure,eu-west-1,2023-10-03,2024-06-26,4,9.69,team-data,project-gamma,production,normal
res-0f904280b4,EC2Instance,Azure,ca-central-1,2023-02-26,2023-08-24,311,385.1,,,,shadow_it
res-65a5c7ada8,EBSVolume,AWS,us-west-2,2024-01-16,2024-06-17,13,26.96,team-data,project-gamma,development,normal
res-f4d1cb32b9,ElasticIP,AWS,ap-south-1,2024-01-24,2024-06-18,12,9.46,team-backend,project-delta,staging,normal
res-2435d17ab4,EKSCluster,Azure,eu-west-1,2024-05-23,2023-10-01,273,1075.63,,,,shadow_it
res-5b46a4e4cf,EC2Instance,Azure,eu-west-1,2023-07-21,2024-06-21,9,414.4,team-ml,project-alpha,development,normal
res-36ed061855,RDSInstance,Azure,eu-west-1,2023-06-11,2023-08-19,316,162.58,,,,shadow_it
res-1a7f65a715,ElasticIP,GCP,us-west-2,2024-04-14,2024-06-21,9,5.98,team-data,project-beta,production,normal
res-2a49c99670,LambdaFunction,GCP,ca-central-1,2024-02-18,2024-06-25,5,35.85,team-infra,project-delta,production,normal
res-d24cd4f8f5,EBSVolume,GCP,eu-west-1,2024-01-15,2024-06-16,14,39.04,team-frontend,project-omega,production,normal
res-3ee5367b1a,ElasticIP,Azure,eu-west-1,2024-03-15,2024-06-19,11,4.01,team-backend,project-beta,development,normal
res-4822f057d0,EBSVolume,AWS,us-east-1,2023-07-25,2024-06-25,5,68.65,team-data,project-alpha,staging,normal
res-5c9a7a6e08,RDSInstance,AWS,ap-south-1,2024-02-16,2024-06-17,13,155.7,team-data,project-beta,development,normal
res-3691e1c696,LambdaFunction,GCP,us-east-1,2024-01-08,2024-06-30,0,22.21,team-data,project-omega,staging,normal
res-5839aeef38,ElasticIP,Azure,ap-southeast-1,2023-08-18,2024-06-23,7,6.08,team-infra,project-gamma,production,normal
res-b383daee25,EKSCluster,Azure,ca-central-1,2023-10-18,2024-06-29,1,530.48,team-frontend,project-omega,staging,normal
res-85b99814e7,LambdaFunction,Azure,us-east-1,2024-05-23,2024-01-16,166,6.19,,,,shadow_it
res-5a4fb6dc84,EKSCluster,GCP,us-west-2,2023-11-17,2024-06-23,7,1049.82,team-frontend,project-beta,development,normal
res-7792afb8d5,EBSVolume,AWS,eu-west-1,2023-09-21,2023-09-20,284,99.3,,,,shadow_it
res-d17b00c812,ElasticIP,AWS,ap-south-1,2023-08-02,2024-06-19,11,3.18,team-ml,project-alpha,staging,normal
res-7796c4c21a,RDSInstance,GCP,ca-central-1,2023-07-20,2024-06-30,0,351.07,team-infra,project-delta,production,normal
res-462e6bd6bd,EBSVolume,AWS,eu-west-1,2023-11-10,2024-06-18,12,142.76,team-ml,project-omega,production,normal
res-3c9836e243,EC2Instance,AWS,ca-central-1,2024-06-03,2024-06-22,8,301.06,team-frontend,project-alpha,staging,normal
res-42af3f5645,EKSCluster,GCP,ca-central-1,2023-03-03,2024-06-17,13,968.54,team-data,project-beta,production,normal
res-d4ee411deb,RDSInstance,Azure,us-east-1,2023-05-23,2024-06-26,4,667.69,team-data,project-delta,production,normal
res-f5bebd009e,RDSInstance,AWS,ap-south-1,2023-07-19,2024-06-20,10,442.4,team-backend,project-beta,development,normal
res-1ce6086460,EKSCluster,Azure,ap-southeast-1,2023-03-25,2024-06-18,12,524.8,team-data,project-delta,production,normal
res-f69bf5afb9,NATGateway,AWS,ap-southeast-1,2023-01-18,2024-06-28,2,69.68,team-data,project-omega,staging,normal
res-a2af06c54c,S3Bucket,GCP,eu-west-1,2024-05-12,2024-06-26,4,13.39,team-security,project-delta,production,normal
res-a06bab8df7,NATGateway,GCP,us-west-2,2023-09-25,2024-06-27,3,54.19,team-security,project-gamma,production,normal
res-e75051e7e5,NATGateway,GCP,ap-southeast-1,2023-11-23,2024-06-27,3,118.53,team-frontend,project-beta,development,normal
res-f8fc8ac79b,EKSCluster,AWS,us-east-1,2023-03-07,2024-06-20,10,643.02,team-ml,project-gamma,production,normal
res-d3c55c9478,S3Bucket,AWS,ap-south-1,2024-03-02,2024-06-24,6,54.5,team-ml,project-alpha,development,normal
res-c6a42b5cc4,EC2Instance,AWS,us-east-1,2023-05-19,2024-06-27,3,375.62,team-infra,project-omega,development,normal
res-c57f912e4e,EBSVolume,AWS,ap-south-1,2023-11-21,2024-02-02,149,131.18,,,,shadow_it
res-39f39baca6,EC2Instance,Azure,ap-south-1,2023-12-26,2024-06-25,5,557.53,team-backend,project-delta,staging,normal
res-d292b6ac03,EC2Instance,GCP,us-east-1,2024-04-19,2024-06-16,14,374.88,team-security,project-omega,development,normal
res-368d09e7d7,NATGateway,AWS,eu-west-1,2024-05-04,2024-06-30,0,79.07,team-data,project-alpha,production,normal
res-56dd371bb3,EKSCluster,GCP,ap-southeast-1,2023-07-25,2023-12-17,196,310.26,,,,shadow_it
res-896858967c,NATGateway,Azure,us-west-2,2023-06-07,2024-06-26,4,187.45,team-infra,project-beta,development,normal
res-f562f07c25,S3Bucket,GCP,us-west-2,2023-06-12,2024-06-30,0,16.6,team-infra,project-alpha,production,normal
res-76baff28f2,EKSCluster,Azure,us-east-1,2024-05-24,2024-06-17,13,1042.33,team-data,project-beta,production,normal
res-6b4c95ba38,NATGateway,AWS,eu-west-1,2023-09-13,2024-06-26,4,71.33,team-frontend,project-alpha,production,normal
res-fc5b07eb1a,LambdaFunction,Azure,us-west-2,2024-03-30,2024-06-25,5,16.15,team-data,project-alpha,production,normal
res-94f52e5af9,EBSVolume,AWS,ca-central-1,2023-09-13,2024-06-23,7,26.93,team-data,project-beta,staging,normal
res-0d415abef2,NATGateway,GCP,eu-west-1,2023-08-13,2024-06-30,0,142.29,team-security,project-gamma,development,normal
res-c28afee780,EKSCluster,AWS,us-west-2,2024-02-07,2024-06-16,14,643.96,team-backend,project-gamma,staging,normal
res-31a62814d0,RDSInstance,AWS,us-west-2,2023-06-06,2024-06-22,8,223.4,team-frontend,project-omega,production,normal
res-77b84b2c80,EC2Instance,Azure,eu-west-1,2023-06-18,2024-06-24,6,258.56,team-ml,project-alpha,production,normal
res-e459a4b1b3,ElasticIP,AWS,us-east-1,2024-01-13,2024-06-20,10,6.68,team-infra,project-beta,development,normal
res-73ed4c5c54,NATGateway,Azure,ap-south-1,2023-07-05,2024-06-24,6,92.01,team-backend,project-gamma,staging,normal
res-c23794d321,ElasticIP,GCP,ca-central-1,2023-07-17,2024-06-20,10,5.78,team-ml,project-omega,development,normal
res-3ecefc080e,LambdaFunction,GCP,us-west-2,2023-10-12,2024-06-30,0,22.09,team-backend,project-gamma,staging,normal
res-26a0c51bef,LambdaFunction,GCP,ap-southeast-1,2023-09-15,2024-06-19,11,7.01,team-data,project-gamma,development,normal
res-b831dca2af,EBSVolume,AWS,us-west-2,2023-09-02,2024-06-21,9,32.77,team-ml,project-delta,production,normal
res-03aaa0f018,EBSVolume,GCP,us-east-1,2023-10-01,2024-06-19,11,24.33,team-infra,project-delta,staging,normal
res-45a9a1f56e,EC2Instance,AWS,us-east-1,2023-05-16,2024-06-20,10,213.72,team-infra,project-beta,production,normal
res-f2584fb03b,NATGateway,Azure,us-east-1,2024-04-18,2024-06-25,5,88.29,team-backend,project-alpha,staging,normal
res-19ff1b1f99,NATGateway,AWS,eu-west-1,2023-06-30,2024-06-16,14,160.35,team-ml,project-alpha,development,normal
res-4e45a97345,NATGateway,AWS,eu-west-1,2024-01-25,2024-06-28,2,147.59,team-infra,project-alpha,development,normal
res-c44b17d6ec,EKSCluster,GCP,eu-west-1,2023-06-19,2024-03-12,110,544.97,,,,shadow_it
res-7c508339dc,S3Bucket,AWS,us-east-1,2024-05-21,2024-01-27,155,19.26,,,,shadow_it
res-52a710ff5f,EBSVolume,Azure,eu-west-1,2023-06-21,2024-06-23,7,148.71,team-security,project-omega,staging,normal
res-53c4d9d9b0,NATGateway,GCP,ap-south-1,2023-04-30,2024-06-20,10,142.52,team-backend,project-delta,development,normal
res-d3e3c835e4,RDSInstance,Azure,us-west-2,2023-01-29,2024-06-25,5,604.13,team-backend,project-alpha,development,normal
res-7b5d11d5ad,S3Bucket,Azure,us-east-1,2023-12-23,2023-11-13,230,12.85,,,,shadow_it
res-9675a0e253,EKSCluster,GCP,us-east-1,2023-08-20,2024-06-18,12,546.25,team-data,project-delta,staging,normal
res-ec7741c686,EBSVolume,Azure,ap-south-1,2023-03-09,2024-06-18,12,120.32,team-security,project-gamma,production,normal
res-d74369c022,EBSVolume,GCP,ap-southeast-1,2024-06-17,2024-06-30,0,74.2,team-backend,project-gamma,staging,normal
res-b4587ee4d5,EKSCluster,Azure,eu-west-1,2023-05-07,2024-06-27,3,1165.94,team-ml,project-alpha,staging,normal
res-9243f3c2d5,ElasticIP,AWS,us-east-1,2023-09-17,2024-06-16,14,3.52,team-data,project-beta,development,normal
res-d6ebe64a66,ElasticIP,GCP,ap-southeast-1,2023-12-05,2024-06-23,7,7.21,team-ml,project-delta,staging,normal
res-e3dc72cde9,EBSVolume,AWS,ap-southeast-1,2023-12-13,2024-06-20,10,16.78,team-frontend,project-gamma,staging,normal
res-3fb362108e,EKSCluster,GCP,us-east-1,2023-05-25,2024-06-20,10,1150.85,team-infra,project-alpha,development,normal
res-ce34d94c57,EBSVolume,AWS,us-west-2,2023-04-06,2024-06-19,11,75.63,team-ml,project-beta,development,normal
res-62ba16145e,RDSInstance,GCP,eu-west-1,2023-09-11,2024-06-29,1,603.13,team-frontend,project-beta,production,normal
res-e28cd75916,EBSVolume,GCP,ap-south-1,2023-10-01,2024-02-13,138,38.99,,,,shadow_it
res-a62f1dec29,NATGateway,Azure,ap-south-1,2023-01-28,2024-06-25,5,86.58,team-security,project-gamma,staging,normal
res-03744709a1,RDSInstance,AWS,ca-central-1,2023-03-29,2024-06-20,10,811.7,team-ml,project-delta,production,normal
res-a32db7a380,RDSInstance,Azure,us-west-2,2024-05-22,2024-06-27,3,594.73,team-frontend,project-beta,production,normal
res-b49aef6c5d,S3Bucket,GCP,ap-southeast-1,2023-10-25,2024-06-27,3,59.64,team-infra,project-omega,development,normal
res-4c68d21264,RDSInstance,GCP,ap-southeast-1,2023-03-16,2024-02-04,147,521.42,,,,shadow_it
res-8da49c22e1,LambdaFunction,GCP,us-east-1,2024-02-27,2024-06-24,6,32.98,team-data,project-omega,development,normal
res-c1ebe1297b,LambdaFunction,GCP,ca-central-1,2023-10-10,2024-06-18,12,24.33,team-frontend,project-omega,production,normal
res-248fef848e,EC2Instance,AWS,us-east-1,2023-07-24,2024-06-26,4,120.28,team-ml,project-omega,production,normal
